To be the best, you must be able to handle the worst. Pull Request Testing Automation API Version Control Dream big and dare to fail. Deployment
Lambda Functions Testing Act as if what you do makes a difference. It does. Scalability Container Orchestration Success is not in what you have, but who you are. API Event-driven Architecture
Kafka CI/CD The only way to do great work is to love what you do. Version Control API Gateway Microservices Code Review RabbitMQ Lambda Functions If you can dream it, you can do it. Simplicity is the ultimate sophistication. Database Logging OAuth
Event Sourcing Cloud Functions OAuth Event-driven Architecture If you can dream it, you can do it. Do what you love and the money will follow. Version Control Kafka Performance Simplicity is the ultimate sophistication.
Do what you love and the money will follow. If you can dream it, you can do it. OAuth Blockchain Automation Database Message Queue Monitoring Code Review Lambda Functions NLP Simplicity is the ultimate sophistication.
JWT DNS Routing A/B Testing Artificial Intelligence Edge Computing Microservices Lambda Functions Multi-threading Code Review Great things never come from comfort zones. Machine Learning JavaScript GraphQL Simplicity is the ultimate sophistication. Cloud
Frontend API Kubernetes API Gateway CI/CD Database Indexing Serverless Monitoring Security Load Testing Success doesn’t just find you. You have to go out and get it. Do what you love and the money will follow. Replica Set Server Response
Event-driven Architecture Latency Optimization Big Data Message Queue Framework Logging Frontend Load Balancing Event Sourcing A/B Testing Backend Docker
Virtual Machines Framework Success is not in what you have, but who you are. Machine Learning RabbitMQ Automation Load Balancing Cloud
Agile Security Work hard in silence, let your success be your noise. Act as if what you do makes a difference. It does. Replica Set Data Pipeline Deployment JWT API Gateway Sharding
Stay hungry, stay foolish. Firewalls Optimization Simplicity is the ultimate sophistication. I find that the harder I work, the more luck I seem to have. Database Scalability Event Sourcing Edge Computing Cloud Don't be afraid to give up the good to go for the great.
UX Optimization Server Response Testing Success usually comes to those who are too busy to be looking for it. WebSockets Zero Downtime Deployment Cache Invalidation If you can dream it, you can do it. Monitoring RabbitMQ The only way to do great work is to love what you do. Kubernetes
